Company,Date,Year,Quarter,Revenue,Net_Income,Total_Assets,Total_Equity,Current_Assets,Current_Liabilities,Total_Debt,Gross_Profit,ROE,ROA,Current_Ratio,Debt_Ratio,Gross_Margin,Net_Margin,Close
AAPL,2020-01-01,2020,1,64338.91954504503,8807.174673862639,122567.75441554168,73675.8524426568,51217.880306343824,39702.80935136035,71941.34259377296,29056.906588289417,0.1195395015037989,0.0718555603458611,1.2900316411636732,0.5869516247305151,0.45162254501252647,0.13688720196329301,222.2929871188696
AAPL,2020-03-31,2020,1,66884.5097180292,10872.59787948788,128688.6863244745,70549.16491722857,56233.45317219275,28728.559370103096,70444.42909225082,33206.17445485829,0.1541137714704929,0.08448759708428298,1.9574059543937008,0.5474018820476019,0.4964703276565593,0.16255778692741304,288.97221177871256
AAPL,2020-06-29,2020,2,73857.22270609815,9639.262993802593,129185.11567238858,75547.32700889914,51538.195371164984,39945.649518336904,58049.30374750208,35118.80901657031,0.12759237653328398,0.07461589474632366,1.2902079698943576,0.4493497834124653,0.47549593296134957,0.13051212380623012,193.54786327297518
AAPL,2020-09-27,2020,3,75713.95246519575,10639.88889595883,130927.13178511818,80161.28876723252,62745.26543062649,30930.21094426295,38228.99338482959,32419.60467987546,0.1327310109353942,0.08126572965350953,2.028607743532532,0.29198679344455697,0.42818534265237485,0.14052745299289165,220.0302708458313
AAPL,2020-12-26,2020,4,79636.48169882892,16992.508389032715,133498.92954351343,81849.53581670871,61497.17332844392,50148.850347082065,78006.66561696681,41199.41937297096,0.20760665554762836,0.12728572766191415,1.2262927844371243,0.584324277982625,0.5173435402229328,0.21337593056025972,307.4922411866961
AAPL,2021-03-26,2021,1,76188.13125798668,12281.12026656348,141485.17537066387,82448.84831080805,53033.79978450979,54859.417939027946,71455.00545500572,36185.890350528294,0.14895441862653128,0.08680146336454907,0.9667218825298659,0.5050352820909144,0.4749544286366124,0.16119466462535226,206.83744365450497
AAPL,2021-06-24,2021,2,75354.18164737277,8792.151862299677,139378.9171527576,87939.0255890899,47876.11415276941,47232.40298889947,73191.90860578585,30586.64373236801,0.09998009192622291,0.06308093104686403,1.0136285923039152,0.5251289800563481,0.40590506145367206,0.11667769021025812,221.19261260935517
AAPL,2021-09-22,2021,3,82671.2738587553,8807.15555966937,143844.62971006666,94169.17136554752,50017.88241999318,45508.589025970316,47202.940207209365,37538.68248640007,0.09352482805101472,0.061226863855960975,1.099086644752918,0.32815225915873014,0.4540716591658583,0.10653223482096676,176.96445233251842
AAPL,2021-12-21,2021,4,90738.80547474716,14237.884621855945,150920.55644643516,93390.68121424397,54245.9148221497,42394.4813457499,32754.16979280874,38952.545622158614,0.15245508905961785,0.09434026057881165,1.2795513260262572,0.21702921433657632,0.4292821072346958,0.1569106464137704,219.53636379117665
AAPL,2022-03-21,2022,1,82299.84061348258,8435.512197084432,151030.59419853703,95586.69122629335,68913.45603563756,32344.676434743225,70868.00394360548,43090.690236274815,0.08824986082125257,0.055853002776348366,2.1305965503990563,0.4692294585721225,0.5235816973042301,0.10249730903734586,230.4321782005874
AAPL,2022-06-19,2022,2,85628.45258335139,16399.676036190885,148460.31712996145,97731.21876271938,60384.49982823892,43520.74872881033,55257.866299158384,38248.0481538915,0.16780386291925295,0.11046504785406519,1.387487614344855,0.37220630648920083,0.4466745223109171,0.19152134064582466,270.61944843281685
AAPL,2022-09-17,2022,3,90558.55612890192,9605.490835780092,147948.1497064385,101492.41896621144,70282.3473134919,53998.05957096465,81044.091267734,52901.906978767256,0.09464244653561686,0.06492471081821224,1.3015717207601936,0.5477871229112578,0.5841734811171919,0.10606939030816198,250.69648295008864
AAPL,2022-12-16,2022,4,90570.93821955628,18416.29367344108,155460.4730901509,105438.74513700731,53074.92950617924,49387.21331187187,34055.937264867884,43166.29831596975,0.17466343752015365,0.11846286909703116,1.0746694528201068,0.21906492748879636,0.4766020885345006,0.20333557358981397,297.41518991713065
AAPL,2023-03-16,2023,1,87666.15186211823,15398.215199631937,156138.37447442452,112452.41020573823,48033.40627054042,44290.65162597093,52079.5634808815,39140.150961351144,0.13693094858047067,0.09861903104514622,1.0845043933012453,0.33354749372910975,0.44646822211280557,0.17564607174557323,297.50722750178323
AAPL,2023-06-14,2023,2,94937.0120167661,16754.0273718957,161592.36732383713,104902.12161208781,77008.11855091868,33224.755077532616,38917.31788628973,45020.99358121843,0.15971104410880801,0.10368080899712302,2.317793415518462,0.24083636208075335,0.47421961809023033,0.1764751914557507,277.1456668525131
AAPL,2023-09-12,2023,3,96950.83301969821,14730.315068380853,162754.48629091293,105678.8182244356,70414.81737776057,45111.08011287295,87016.16455294554,52775.29329624812,0.13938758320610017,0.09050635349032028,1.5609206696353721,0.534646795526176,0.5443511071795059,0.15193593092065527,263.92492000823194
AAPL,2023-12-11,2023,4,98775.79917622767,10839.981750339506,163899.81682933218,106090.97551068828,65607.03904141684,42218.57537775958,93233.03944889412,42207.651057282106,0.1021762850059515,0.06613785152442915,1.5539851464523389,0.5688416329712991,0.42730761390225436,0.10974329583504257,270.6493283596233
GOOGL,2020-01-01,2020,1,22448.96015050433,3316.7137007777465,55189.4795914099,19065.006526791345,26630.64432864759,21858.19646285147,17015.143017410017,12479.331608900107,0.17396866327409288,0.06009684681451471,1.2183367632323652,0.3083041033070074,0.5558979803623444,0.14774464734854253,271.45289281085974
GOOGL,2020-03-31,2020,1,21298.106072870356,4757.4374105813595,52706.457215165705,20116.19756750932,18686.433480686974,17045.81313448695,24870.582481837897,11601.390872972732,0.23649784680308247,0.09026289494586745,1.096247702192671,0.471869744162612,0.5447146724351536,0.22337373071126776,310.37434020875367
GOOGL,2020-06-29,2020,2,22216.496866531183,3723.5032298685014,54116.55463343044,20021.049637580327,24262.024465047816,17051.38789793252,13485.796760236368,9619.409080358146,0.1859794215224028,0.06880525294136726,1.4228768127425913,0.24919910093288777,0.4329849632976854,0.1676008261895647,305.3027110040268
GOOGL,2020-09-27,2020,3,23336.274899255975,4259.377974378671,55761.792344145215,18897.04613912322,27832.605399492455,19658.836448062833,14466.620075315475,11521.815657743991,0.22539914138010864,0.07638524149458926,1.415780912213401,0.25943606665352137,0.4937298565209882,0.18252176033949924,371.45730484863077
GOOGL,2020-12-26,2020,4,23842.45167167164,4464.171322128785,56116.544160489844,21635.352629118777,25558.661355144384,13807.29454723851,33157.11418671394,13300.457487130736,0.20633688753103596,0.0795517861784491,1.8510984369675936,0.5908616555553856,0.5578477276702902,0.1872362533687289,283.15181959412007
GOOGL,2021-03-26,2021,1,23366.672115929927,2793.5298551170026,57274.320369323876,21888.29914734305,24983.50125525983,20889.503869487555,24909.479525930743,10686.587257462757,0.12762662993191504,0.04877456139336779,1.1959834666898055,0.43491532270145034,0.4573431425939903,0.11955189173954085,221.50178447082303
GOOGL,2021-06-24,2021,2,23642.6195067874,3679.5533068944314,58187.2501080268,22224.21945804979,18836.09417971786,14575.772704254932,28613.83008763806,10673.993504818758,0.16556501855284136,0.06323641863231556,1.2922878643832902,0.49175429384470687,0.45147254100817524,0.15563221773450667,344.40580774631707
GOOGL,2021-09-22,2021,3,22949.29607550264,2484.8641016516985,60580.67905521155,22765.29383593624,26353.072187217756,14709.3890477632,17789.357934689513,10818.120492645896,0.10915141792412127,0.04101743559835409,1.7915816966731986,0.2936473841515838,0.47139225783024175,0.10827626666528484,223.29438881497344
GOOGL,2021-12-21,2021,4,22801.34814353739,3340.9137252774767,63625.36890742891,25118.19412654636,23350.265840414595,17302.959568259204,13507.783949913994,10953.055340801011,0.1330077197606577,0.05250914505719104,1.349495486497504,0.21230185666297682,0.4803687602965462,0.14652263998803927,238.80331755696676
GOOGL,2022-03-21,2022,1,24551.910069547375,2669.774920747309,60950.72807034131,23554.595523728607,20171.273879236644,13075.152104697041,14875.495401052294,9870.730364212492,0.11334412081318955,0.043802182603400665,1.54271810512938,0.24405771468201257,0.40203513031173554,0.10874000895183823,271.2645230505374
GOOGL,2022-06-19,2022,2,25597.79281917485,4193.192447119815,63586.27866555071,25050.00657599443,19661.15427540238,20161.26146773126,35100.02848607482,14582.281493480798,0.16739286811757473,0.06594492609286115,0.9751946477590543,0.5520063325405934,0.5696694866034493,0.1638107033970042,259.8557110298661
GOOGL,2022-09-17,2022,3,25152.173167198354,4215.919024916468,63568.78396626016,25424.118726564102,21989.25043750062,15592.862755649752,16679.373916276818,10512.880942816179,0.1658236051466953,0.06632058632982682,1.4102125300585533,0.2623830892396743,0.41797107840074504,0.16761649169999213,316.1765016979819
GOOGL,2022-12-16,2022,4,26038.68437944145,3290.361377291895,68731.50532622296,25286.84386660204,28289.635267584614,24291.371435416484,32699.35951705822,11774.597678772803,0.1301214732312911,0.04787268024575815,1.1645960518449245,0.47575503201706415,0.4521963363121873,0.12636434811160288,290.5641021868645
GOOGL,2023-03-16,2023,1,28847.02525227798,4030.4594572203464,67628.80040056969,27011.49530491056,32125.2319054056,20252.266633342595,18024.844793830896,15950.120796710225,0.1492127485621882,0.059596790618015975,1.586253651851284,0.2665261646971201,0.5529208179082757,0.13971837380015711,259.92416330973055
GOOGL,2023-06-14,2023,2,29017.105867356582,5413.594896543202,66526.7406647123,27654.346675384655,28734.723795674327,15324.431715745202,15867.890840060316,12325.159193636255,0.19575927647431585,0.08137472003667133,1.8750922924045934,0.23851898772604538,0.42475494454812973,0.18656563894724393,335.455149182554
GOOGL,2023-09-12,2023,3,29705.85845234592,5193.135950247663,68472.51906992083,27255.020621006348,32573.990163194212,23320.06954601793,31601.9570435371,12180.451703725155,0.19053869092453155,0.07584263031048533,1.3968221706592832,0.4615275949066034,0.41003533775214784,0.1748185785836986,356.8702913846894
GOOGL,2023-12-11,2023,4,30473.121358463228,5881.543059665749,68548.61604389423,27276.604876006484,30168.60399854547,22904.88498445976,32179.27458359985,17872.5792545757,0.2156259214224778,0.08580104747701366,1.3171253214767904,0.4694372613298898,0.5865030708320266,0.19300756855458398,410.0590488241392
MSFT,2020-01-01,2020,1,70233.06733625373,7224.8835994022575,101689.0320119802,48069.64537907215,48913.354387850006,29555.16836709381,54307.14702535198,41535.88673466772,0.15030033074776375,0.07104879903420733,1.6549847992850295,0.5340511749482868,0.5914007220531465,0.1028701133728333,237.31581275054174
MSFT,2020-03-31,2020,1,69547.31733950552,9382.347602264594,105649.1020585938,45836.023760611,43079.91026756429,29973.43420718646,56664.520391396,39847.791114605796,0.20469375029705947,0.08880669517722047,1.4372697492646809,0.536346445802913,0.5729594273217313,0.13490595987280538,343.14184633699733
MSFT,2020-06-29,2020,2,65766.7378784507,13044.70390675327,103036.10270049942,49889.21237229663,50204.11016829361,27279.646489199265,28873.500369677695,27117.789276453677,0.2614734385744074,0.1266032348357644,1.8403504674509161,0.2802270234696847,0.41233289275457835,0.19834804534265232,345.945937739067
MSFT,2020-09-27,2020,3,74961.01444580445,8515.138049410954,105222.96391721381,54318.72727746885,39523.6169469365,27657.274948891227,46601.94826627591,40854.675925481024,0.15676247357406314,0.08092471198692333,1.4290495726702457,0.44288762197328796,0.5450123137676888,0.11359422110765664,269.197675899745
MSFT,2020-12-26,2020,4,71904.79313949613,11779.096445937834,108161.88589148718,54191.25351553326,36638.92039947728,26821.439475159852,58659.62218887149,33678.68973483687,0.2173615792548792,0.10890246919099716,1.366031097376772,0.542331725315158,0.46837892530334974,0.1638151774261592,323.7157770331586
MSFT,2021-03-26,2021,1,72238.55739183334,6769.079614247832,103701.19402964912,56184.12272943859,36209.251547167885,35434.57220407822,43206.88183823448,41917.46933399615,0.12048029381619342,0.06527484738808784,1.0218622462443756,0.41664787221139654,0.5802644854413299,0.09370452371482553,235.25283144780337
MSFT,2021-06-24,2021,2,74240.38704584577,8548.305988585698,109948.29305456889,54502.78898075775,34734.15369808741,36514.73517959073,35790.938216838105,43955.12647594863,0.15684162495984716,0.07774841928962965,0.9512366316571688,0.32552518299738004,0.592064888465694,0.11514360752600672,321.8571769630796
MSFT,2021-09-22,2021,3,76235.79140045466,11337.103034098016,113370.87551538498,58529.757352668006,55682.841813151754,24176.374700270502,25213.241687716854,42892.67770286335,0.19369810412482819,0.10000013656558131,2.3031923728634442,0.2223961098747561,0.5626317627838981,0.14871102963365318,314.6071566398567
MSFT,2021-12-21,2021,4,79765.60364626933,10613.444146950951,115972.78082525633,56571.435998497356,49392.25013487102,29470.787097693283,25785.31045518906,40387.619850328774,0.1876113618051496,0.09151668237517657,1.675973226339008,0.2223393305886271,0.5063287683427156,0.13305790543525017,259.2698212523947
MSFT,2022-03-21,2022,1,71711.99399573353,11369.348246258285,120973.15174500126,60076.95187545666,48438.99028411909,25303.76991351991,52454.7485630313,42781.61069352125,0.18924642298476904,0.0939824091731005,1.9142993494514007,0.43360653009686334,0.5965753887148435,0.15854179493230516,265.9375317148062
MSFT,2022-06-19,2022,2,78641.76388234757,11211.651257072528,122689.3909652351,58019.44984559828,39205.927423819536,38690.96901001348,40681.66635200298,42163.58911196843,0.19323953065582392,0.09138240208763794,1.0133095248576685,0.33158259269157525,0.5361475510016216,0.14256612140396263,313.1551092995096
MSFT,2022-09-17,2022,3,78436.96103995584,13071.120607649937,126854.31586193129,61447.589481105286,50353.44649994215,38738.832712855816,52986.72476128272,41114.14530444389,0.21271982705959877,0.10304040914048673,1.2998183727728048,0.41769745397510694,0.5241680039528853,0.1666449137542631,341.4746385785815
MSFT,2022-12-16,2022,4,86249.73291368979,9991.802961868196,123471.55886770984,65657.10736594969,41282.14020093272,35398.308100353024,48452.02384875352,49184.47685307225,0.15218158951440536,0.08092392331884005,1.1662178905245761,0.3924144498788266,0.5702565699802365,0.1158473496012678,248.53223860993387
MSFT,2023-03-16,2023,1,87874.23713891272,12464.406040328342,126984.34371436232,63850.837368430715,47893.850892937444,39176.325972031605,31516.15771779992,40774.434076190184,0.19521131678205716,0.09815703003801546,1.2225202263001735,0.24818931843040543,0.46400896785861634,0.141843689870382,317.38983799225167
MSFT,2023-06-14,2023,2,89208.66703986938,15174.969941139632,128768.19771908324,67778.68669417863,40037.07307996331,31398.307619790066,47200.693216547676,53156.687657452894,0.2238899967125356,0.1178471875038966,1.2751347481775837,0.3665555164445127,0.5958690945768303,0.17010645315838643,359.98797659334366
MSFT,2023-09-12,2023,3,91669.81707799331,10439.68477230914,130584.32434823569,66518.2647569081,65214.85570049122,42263.15413867515,61153.242830158706,37182.00473168216,0.15694463483768117,0.07994592631554392,1.5430664613082652,0.46830462335646295,0.4056079298167188,0.11388355627923838,343.95144881917645
MSFT,2023-12-11,2023,4,88782.7193281589,8625.37214066769,138553.4922477925,69507.98606897974,45689.946568638064,45495.82979589993,44596.30598805317,39571.31937445555,0.12409181489027563,0.06225301145958747,1.0042666937521298,0.3218706743839847,0.44570970199946164,0.09715147503858909,251.01514330924275
AMZN,2020-01-01,2020,1,58030.1913303187,9425.874823157234,110291.3536095486,37172.245467394976,47408.76437600285,24945.70341918281,57785.599469423265,24178.05392211942,0.2535729199201857,0.08546340682812308,1.9004781536665885,0.5239358986742947,0.4166461176130441,0.16243053154009765,368.7946916799084
AMZN,2020-03-31,2020,1,60865.262525721795,5638.806498605432,108809.09145891687,39265.264659236076,37889.616988896574,34883.780971546614,56139.53914320243,34330.49665911934,0.14360800945929847,0.05182293522535735,1.086167150854482,0.5159452982327224,0.5640408869445226,0.09264408407377624,243.56973067830805
AMZN,2020-06-29,2020,2,60542.62377617521,8348.834233595428,115698.71215660535,37351.67342431166,45682.86927139748,38754.07229075019,27832.216862259138,32198.068345518557,0.22351968381050616,0.0721601310677924,1.178788874848155,0.24055770668031734,0.5318247928030693,0.13790010595610935,381.9811575175714
AMZN,2020-09-27,2020,3,69347.95237277304,11959.188599987945,112455.73281844851,38554.53687627585,51614.95012615608,29355.48360091726,36506.62467463556,37542.03814553858,0.3101888796736374,0.10634574423426837,1.7582728606298035,0.32463106824062776,0.5413575579526138,0.17245193536072287,452.29728105054966
AMZN,2020-12-26,2020,4,63387.97087723762,10470.112884232773,117764.0876031276,39385.28618962375,44628.75241421792,42198.65436495493,51069.58901265125,29993.757819996375,0.2658381821531914,0.08890751923895265,1.0575870981156483,0.4336601255279028,0.47317744052865746,0.16517507563872108,405.3450406935172
AMZN,2021-03-26,2021,1,62478.43170445669,8297.064652244346,118961.51403213585,42565.13067771701,41404.182520451366,27344.62058861203,42844.305031792566,27598.226184259627,0.19492632866713802,0.06974578896165533,1.5141618947053372,0.36015265424596693,0.44172405470752235,0.13279886235768787,285.36708685591395
AMZN,2021-06-24,2021,2,68098.77118466765,11169.959254572224,125322.92802641682,42890.23008652926,49712.009845119625,28768.569256738247,25733.287201776624,36991.29975187244,0.26043132042046163,0.0891294149480589,1.727997294598721,0.20533582806453665,0.5432006937623124,0.16402585627106184,413.2210332027067
AMZN,2021-09-22,2021,3,66334.15474502888,7516.931350998021,122153.17941611113,43208.59445607039,42981.591904148554,30052.87804422085,31209.10789311066,34450.96234509069,0.1739684302538558,0.06153692754399638,1.4301988595203408,0.25549157248537735,0.5193548101654595,0.11331916988904339,256.9654499332052
AMZN,2021-12-21,2021,4,69933.41597602908,13954.094203817254,127574.78323571425,44284.576338870575,53892.13272996678,25972.705509021467,29663.82320659594,40546.425188478766,0.3151005464529897,0.10937972105376731,2.0749525963418662,0.2325210551350686,0.5797861383230125,0.199533999720538,480.14507456313635
AMZN,2022-03-21,2022,1,72666.84342697631,9661.91184754861,133198.78959180648,47584.216798609996,58585.031298390044,39722.18461596711,49838.31929253747,30273.327956382116,0.20304866818425493,0.07253753489170557,1.4748693171029834,0.3741649563428405,0.4166044172099495,0.13296176621815106,308.66419849481355
AMZN,2022-06-19,2022,2,69548.36337733788,7134.489398994037,129072.17068537364,46567.3932792507,52454.73724304142,43857.84738821768,61224.17880198589,40363.193445205,0.15320783270411215,0.05527519496348342,1.1960171409856581,0.4743406613283507,0.580361513702524,0.10258313858926534,217.06656106362897
AMZN,2022-09-17,2022,3,72663.09989646688,11146.084993792469,132939.7170497526,49544.85445045361,44887.971480014276,40219.483642730906,74847.51094196524,34373.080853153435,0.2249695779193155,0.08384315267965445,1.116075280298312,0.563018431233411,0.4730472674869293,0.15339401993135207,351.9105396730347
AMZN,2022-12-16,2022,4,75769.96319142485,15087.594556029439,133827.34128508082,50175.53519857332,52387.7086437219,29916.761177264707,35058.284028266324,45132.54802519974,0.3006962356518807,0.11273925351240177,1.751115648291969,0.2619665286003455,0.5956522363773241,0.1991236886035198,407.1121044879093
AMZN,2023-03-16,2023,1,76082.08481676907,12146.844610928343,136114.8740302203,49147.47114225418,41634.05560951983,32573.459878249156,50732.6279243861,42619.314664120146,0.2471509587089453,0.08923965655826485,1.2781588374442492,0.3727192071097418,0.5601754311381136,0.15965446583360562,307.77665113624795
AMZN,2023-06-14,2023,2,82900.8255859872,12396.059202990074,148125.23473800195,52114.28762447806,65281.86021312619,44331.56412449214,80074.62906631123,43181.89677710052,0.2378629694089429,0.0836863430118152,1.472581928979571,0.5405873564213691,0.5208862091766622,0.14952877869874182,325.5018483710376
AMZN,2023-09-12,2023,3,76772.8964256337,13199.303897191845,142935.02248404297,51422.25055638684,56629.36400806087,48420.314575033284,38088.57685647404,30714.272357824477,0.25668467938248263,0.09234478483861709,1.1695373007192393,0.2664747673071251,0.4000666092828209,0.1719266109749733,383.2634777711307
AMZN,2023-12-11,2023,4,77808.60365760428,10256.87120196557,141532.25738470256,52820.66011563605,46987.324025972266,45753.36371895615,80043.77679741093,36237.828481479024,0.19418294242273804,0.07247020143320472,1.0269698270622423,0.5655514741055944,0.46573035343164754,0.1318218130105611,416.0837161512632
TSLA,2020-01-01,2020,1,28211.70963599613,4623.470379734188,74988.74873465422,46354.56826689726,36721.21456162331,15867.462324542035,40696.38397787039,16512.79220630084,0.09974141821607478,0.06165552109816128,2.314246210928574,0.5426998671743879,0.5853169630397619,0.16388479958814584,209.84664085840328
TSLA,2020-03-31,2020,1,30183.12442734648,5464.454591347165,70554.08000951073,47982.585844461944,32534.14951954303,22325.06179329283,21776.95863552539,12752.707877976949,0.11388412056533342,0.0774505824554803,1.4572926973629852,0.3086562624385414,0.4225111919302415,0.18104337092406067,262.3665360133307
TSLA,2020-06-29,2020,2,33308.56405233515,5641.698388341403,74262.16394345605,47916.74239002971,32449.75848663423,25683.211600892522,19422.137685423786,17131.175522445134,0.11773960638683363,0.07597002415169384,1.263461867265329,0.26153476621300714,0.51431744387204,0.16937681190570217,247.03455381108424
TSLA,2020-09-27,2020,3,31914.826332944554,4971.530436700842,78550.61636962561,48917.053514812316,24988.747536460683,19028.547230147604,44548.29080671426,14750.279859235488,0.10163184573648613,0.06329078836640753,1.31322413814493,0.5671284690764112,0.46217640996558684,0.15577494876006598,211.41064960678727
TSLA,2020-12-26,2020,4,33812.38902039197,4625.006339049376,81316.0153708316,54495.467681161776,35945.75447370772,17862.56360535191,32477.750871755175,18656.399625097765,0.08486955954041969,0.0568769426042042,2.012351377320655,0.3994016519826312,0.5517622435328733,0.13678437025730636,197.45729069220943
TSLA,2021-03-26,2021,1,31540.610394161224,7077.172644084553,78826.94502582426,52076.70817210917,34969.946310935535,17867.092396260803,31314.240974711753,14605.166215449104,0.1358990015400952,0.0897811356480455,1.9572264773340506,0.39725300738793046,0.463059085823932,0.22438286880442473,238.7190068298898
TSLA,2021-06-24,2021,2,35067.31069794633,5233.129592141711,80244.59536943551,57652.88039708407,33503.80574887756,23202.962411567794,34799.72432593169,14943.757159266901,0.09076961213556972,0.06521472964065772,1.4439451805591126,0.4336706312209359,0.4261449441614028,0.14923099285307279,212.94325950877473
TSLA,2021-09-22,2021,3,36748.0102275649,5187.77261570037,80437.00704785543,57668.25823768221,38554.21650268041,16563.508636001894,19978.067004675893,18345.319171916195,0.08995889201853022,0.06449484890224647,2.327659999456893,0.2483690994717156,0.49921938788825265,0.14117152421518026,170.48594950840638
TSLA,2021-12-21,2021,4,33219.07749851446,4694.877024662124,79710.48278598576,58422.35521907441,27467.6822483646,18101.344219868108,44948.410075615604,17660.122132820397,0.08036096810984585,0.058899116660318995,1.5174388108821202,0.563895845372024,0.5316259048316483,0.14133074661305922,184.6392712879886
TSLA,2022-03-21,2022,1,36837.31710293458,3614.5416962636923,84140.12797999998,58425.84957734377,35851.948068364836,24129.012604588715,35096.940319116155,17269.832974590736,0.06186545377451097,0.04295859517973238,1.4858439777824444,0.4171248744411069,0.46881353835659667,0.09812174122679922,188.62820292379476
TSLA,2022-06-19,2022,2,37187.2306458669,5721.598453240252,87337.54335975864,59301.83640116,37645.09114867055,33357.79920005377,19528.106342979827,16781.712250771372,0.09648265214816065,0.0655113280399013,1.1285244246152146,0.2235934924633744,0.4512762031295961,0.1538592240903039,214.85796672684208
TSLA,2022-09-17,2022,3,37850.04804285462,5852.786806100015,89875.86683089532,62476.87659867631,37402.59957637482,23382.679385119784,53035.36575098952,20548.129602498877,0.09367924782309008,0.0651207828360893,1.599585700181862,0.5900957356080634,0.5428825236690281,0.1546308950380556,199.55996429159234
TSLA,2022-12-16,2022,4,37558.73224792524,6983.548054031335,89418.75574958215,64588.54356729823,37125.315866034165,25028.963056253277,27210.909882331962,22098.609451798216,0.1081236341357474,0.07809936512188573,1.483294205301035,0.3043087510469985,0.5883747434797657,0.1859367352426308,228.52626385156813
TSLA,2023-03-16,2023,1,39084.0729364897,4735.281549033462,92621.11968371656,63744.50269731867,31715.17655427728,27172.946736769958,35822.350537549544,16981.421549009687,0.07428533204687855,0.051125289407033134,1.1671600015084436,0.3867622272315,0.4344844401606743,0.1211562970094784,227.40595992539366
TSLA,2023-06-14,2023,2,39425.903197668784,4914.834055669909,93318.2465550109,66928.1707296963,38038.14141947788,34263.04531763636,27023.20923446805,21180.753953419215,0.07343445969141327,0.05266744969080216,1.1101798181347982,0.28958119373297403,0.5372293907187297,0.12466002442679659,208.15815178366103
TSLA,2023-09-12,2023,3,40443.95218314035,7151.088128706308,95193.59924327422,65887.65255935417,32270.0471821871,35617.2594342944,37697.54708564454,22549.000434083293,0.10853457136394909,0.07512152272371989,0.9060227455657521,0.39600926307351497,0.5575370164610959,0.1768147706318213,260.7628922141251
TSLA,2023-12-11,2023,4,39541.26683149871,6236.660629129268,93009.30037511495,70819.45731378256,44025.81343362322,23302.395196069643,29268.828883681475,22145.64983853596,0.08806422508289283,0.06705416129329271,1.8893256707383,0.3146871201658074,0.5600642471296509,0.15772536210602953,205.7756588603466
META,2020-01-01,2020,1,91790.7672265342,11353.729075473886,253485.10742216188,172499.6576863193,119149.18654925792,50887.93717123452,81601.1180310668,52201.25997350049,0.06581884989082118,0.04479051724551627,2.3414033496451006,0.32191681342117584,0.5686983729493279,0.12369140621140634,142.42251178459955
META,2020-03-31,2020,1,84350.64743446445,7222.073500129278,259325.53444432886,164739.57035759746,117939.89761093553,66555.99700700659,147348.86190203825,42428.126266836436,0.04383933674497537,0.027849449980328445,1.7720401303359572,0.5682003595124976,0.5029970433813282,0.0856196569888857,134.86418764940066
META,2020-06-29,2020,2,91155.70477130468,16317.265516258016,259512.40203539847,179529.5103041408,86784.74420175003,66254.28664698388,62977.55944491382,47377.211161320396,0.09088904374893547,0.06287663089809588,1.3098736488426257,0.24267649234090727,0.5197393984302174,0.17900432624809898,223.72462719021513
META,2020-09-27,2020,3,103665.54736978296,17651.012117917344,267474.46035758156,185154.8001689191,104166.74920673153,54374.30321200342,63685.865139326,55443.182515369765,0.0953311072778783,0.06599139257751951,1.9157348794078186,0.2381007332594879,0.5348274708626163,0.1702688363276068,230.52303803830463
META,2020-12-26,2020,4,103720.51952079662,17798.964327840098,276055.5381236703,191179.89199145415,116136.95601252501,64009.51958762177,119726.78034607563,56211.93837053271,0.09310060876399973,0.06447602699376502,1.8143700618397347,0.43370541000499374,0.5419558119284378,0.17160504411348704,238.97322767794725
META,2021-03-26,2021,1,100225.50086296305,12066.534824075447,273915.2631495425,172009.64796105103,108211.6272988405,91528.4794118882,163824.14988311607,57404.55146000192,0.07015033730438033,0.04405207174412836,1.1822727526355628,0.5980833196347923,0.572753949501239,0.120393859049643,184.20880702019178
META,2021-06-24,2021,2,106452.43655051572,17467.44887511062,285101.12703588745,188314.9213152657,96419.95463281593,98150.10215314355,115449.36276418355,48839.97492990768,0.09275658430628367,0.061267554627772065,0.9823724328108383,0.40494179719482915,0.45879621465245896,0.16408688651125097,216.32793059183345
META,2021-09-22,2021,3,108514.10027594089,15362.930793316962,292900.7872887949,191795.43635429878,107556.9576912963,96416.85402080289,158962.7489754129,59239.8767297516,0.08010060659075023,0.0524509713187264,1.1155410408650113,0.5427187493991898,0.5459187016167513,0.14157543355426172,191.84367623044045
META,2021-12-21,2021,4,110156.58315139478,14953.783180253467,298960.1748783049,204821.86774132363,105935.98530326849,71161.88257042141,65567.64269975554,63879.49863805221,0.07300872384944317,0.050019315068773204,1.4886619279420386,0.21931898697358465,0.5798972409144063,0.13575024526406732,194.15068078710024
META,2022-03-21,2022,1,113063.48445245622,12377.602492532893,297726.1080999488,216224.02033311766,126634.81194915713,77187.20799668596,78246.51302732837,55189.64331803296,0.057244345348235554,0.041573789317722994,1.6406191548552216,0.2628137435668237,0.4881296873637438,0.10947480128067111,211.45179811694464
META,2022-06-19,2022,2,122188.48262429662,24566.59049867049,283957.06306936004,206202.70328605748,139236.1951262941,84827.76552885663,127716.91160312622,49607.689349918866,0.11913806224252142,0.0865151591340054,1.6413988304210236,0.4497754351401,0.40599316960545184,0.20105487825892304,237.01778638359778
META,2022-09-17,2022,3,115696.56841447086,14543.374705327524,304747.4309559834,203723.07152061432,121677.69282698979,76358.84466735755,141292.24477111036,62573.56517871452,0.07138796110216662,0.04772271470740672,1.5934983479262288,0.4636371972944313,0.5408420149035991,0.12570273176320498,198.2420087710668
META,2022-12-16,2022,4,112109.65833313506,18702.78536375427,319108.9417792783,222871.66946017512,151955.66150562727,116017.15892690716,116025.9678482889,45431.94070274948,0.0839172848171098,0.05860940548852008,1.3097688558410743,0.36359359659856194,0.4052455549168474,0.16682581716714132,218.86920074177004
META,2023-03-16,2023,1,118514.23572257497,22881.418807926555,313876.75364277326,211379.25644231736,99581.82666995679,73467.90212158758,135746.9334415673,58527.59603445906,0.10824817530839691,0.07289937385413435,1.3554467161067332,0.43248482681856215,0.4938444371481571,0.19306894794890897,218.9070999996426
META,2023-06-14,2023,2,127180.4860520705,15595.688658019297,340646.61634591175,235168.25354808895,135753.49454512418,110005.16050006199,151577.7537921164,52720.61494477971,0.06631715132769898,0.04578260258479291,1.2340647832157627,0.4449706720063111,0.4145338375511061,0.12262642754513517,187.80843891637957
META,2023-09-12,2023,3,127778.72551481322,20832.349565386263,322056.4354501597,234494.23099742574,123941.09840667086,92873.404646039,124084.07724351619,57721.877430835746,0.08883949714573132,0.06468540066981585,1.3345165807050758,0.38528674972780974,0.4517330815304158,0.16303456996815324,204.320678145078
META,2023-12-11,2023,4,131366.9777295075,17936.54863689165,333508.6047124344,238223.24660845075,134909.53125427384,119076.32043297606,155997.84227648992,63568.49278624098,0.0752930240530748,0.053781366907631425,1.1329669136880136,0.46774757853998405,0.48390009334866735,0.1365377277219857,198.48628213964344
NVDA,2020-01-01,2020,1,64603.37242509471,7953.527482941704,103835.07840633219,37747.81905348386,50582.7914398158,39122.167236793655,28978.614189906326,34830.37212882802,0.21070164270080258,0.07659769323636079,1.29294451234398,0.27908308670511023,0.5391417014523907,0.12311319338883636,276.44067383359203
NVDA,2020-03-31,2020,1,65863.67199355381,9708.591074096017,104582.22340397652,38723.70488381435,48089.848844243774,40236.10236758371,21902.400672716627,27407.606384665487,0.25071441648533976,0.09283213492788363,1.1951915323435365,0.2094275677053911,0.4161263038499875,0.1474043396038747,337.7485744763162
NVDA,2020-06-29,2020,2,60292.14502858712,12096.888545166397,103155.6263078443,43291.954800215666,38630.747261759,38311.70303603535,36059.694856720234,34732.23299160635,0.2794257871004276,0.11726833502097121,1.0083275918437653,0.34956595337910457,0.576065637988801,0.20063788640179808,355.30521987090293
NVDA,2020-09-27,2020,3,67610.58735921672,7108.8029094516505,106429.36021730276,44165.037700163586,34629.0758987376,28039.138390895987,58190.26935423557,32123.594113879106,0.16095996470586776,0.06679362626005841,1.2350263911811676,0.546750156492769,0.47512668309189,0.10514333904070979,292.22090117976705
NVDA,2020-12-26,2020,4,70231.01524396504,11157.109051645073,104798.02795268294,44487.62358787347,38625.585270889525,31020.05042293391,59280.10319718197,34591.946621610325,0.25079130220581847,0.10646296757304048,1.2451812535524653,0.5656604838398998,0.4925451597338658,0.15886298970459214,428.69271957657656
NVDA,2021-03-26,2021,1,72431.29346412906,11559.452036905646,112553.41924865005,46123.01381254354,42945.54422969524,24781.987349585586,25451.572735124755,34430.12846646998,0.25062221831137055,0.10270191802319936,1.7329338290705483,0.2261288275827304,0.4753488004949295,0.15959195927697134,344.7590022087762
NVDA,2021-06-24,2021,2,68650.87153403334,15553.069201733631,124304.08143054403,48495.12620167085,42519.40628002683,45343.625435163456,43670.388967810366,28863.736400242935,0.3207140679880892,0.12512114664894605,0.9377151886724417,0.35131902722125474,0.420442388498067,0.2265531209465166,456.4458136631833
NVDA,2021-09-22,2021,3,73268.01416491896,10293.274325749628,114437.47990864744,49498.815379824824,48801.39186745331,25053.749484346197,42217.433293046175,40156.09591802934,0.20794991247295697,0.08994670569437993,1.9478677991070699,0.36891264406335483,0.5480713019960114,0.14048796658498888,349.7720599709523
NVDA,2021-12-21,2021,4,69769.44673636269,8793.026540491644,118564.99234458538,47611.85963148748,46988.029134568926,39377.07641375462,54722.041486229515,35836.35814970715,0.18468143459526817,0.07416208078465923,1.193283844662367,0.46153624610535016,0.5136397065770314,0.12602975875267852,337.01501575125627
NVDA,2022-03-21,2022,1,73351.83006733909,13030.750752426537,120108.30447334037,49753.413434097194,44223.373412311186,40954.167048258234,33407.28293820001,35526.31173695086,0.2619066683673256,0.10849167182539726,1.0798259761992153,0.27814299006789495,0.48432754444349496,0.17764724807089247,426.08111038002187
NVDA,2022-06-19,2022,2,73518.44813348606,14372.414749082052,120342.9427313529,54166.86277256761,41394.3923071236,28423.482373820647,31780.527870558017,43779.319135546844,0.2653359270487574,0.11942881254920162,1.4563448546772637,0.26408302098364966,0.5954875306407116,0.1954939897940491,485.0662881863686
NVDA,2022-09-17,2022,3,77258.11885458852,13710.774257543639,129171.7198895811,54561.65059471109,41187.580208252264,47868.33137549197,60609.91745170931,39347.254635384845,0.2512895799173767,0.10614377720807555,0.8604348433448805,0.4692197139088961,0.5092960483472596,0.1774670993911901,402.1523596168609
NVDA,2022-12-16,2022,4,73694.90806940442,12492.643969786423,120438.93316023264,52780.5112941678,48067.60727907755,30417.7140635011,33625.60546973432,30819.90592082747,0.23669046895282442,0.10372596005285216,1.5802504809772986,0.27919215645159046,0.41820943574285874,0.16951841446116053,448.812836151154
NVDA,2023-03-16,2023,1,78958.52870230509,9661.224809929001,131621.1036184826,56451.68920861341,41020.2735341638,37344.96843824172,35742.09479371201,36532.31693846671,0.1711414653018902,0.0734017915389394,1.0984150007249311,0.27155291827148154,0.4626772755126097,0.12235821726560304,335.23872815660604
NVDA,2023-06-14,2023,2,82929.51643858888,11341.932401641046,127591.12603725019,56134.01965280499,60999.65089643102,50301.01504728159,42790.32148440782,47637.314077759285,0.20205095718767568,0.0888927996319256,1.2126922456553413,0.3353706704643017,0.5744313499408351,0.1367659295353542,342.23488924558796
NVDA,2023-09-12,2023,3,84669.43135414533,13833.184842212639,134192.31996658136,54892.50638729032,55310.67371358358,34786.136965451726,72819.4284670256,48086.20300112792,0.2520049775940918,0.10308477300085125,1.5900205811446106,0.5426497469092137,0.56792873451575,0.16337873800466218,382.5334322900403
NVDA,2023-12-11,2023,4,76841.36207427733,18811.010490323413,134959.24008971505,55820.228266878046,66055.88392699065,47831.63274612597,69504.59217114262,34042.13331553396,0.33699271884714366,0.13938290166585607,1.3810083439466263,0.5150043237123962,0.4430183484075639,0.24480318909677948,538.6360282509386
NFLX,2020-01-01,2020,1,66141.69392486829,11304.92009333987,138002.69872283825,69012.81676397017,53150.87146657259,48376.74575247194,78304.15522868346,31100.96350411417,0.16380899408878902,0.08191810883383112,1.0986863758576961,0.5674103184456407,0.47021722091729906,0.17091972434484912,320.29215672083643
NFLX,2020-03-31,2020,1,72611.68525014636,9285.766341300008,140534.80903851645,73773.18462810334,54467.37381300665,41414.80500580889,66008.37427997397,30812.324870244352,0.12586912694782415,0.06607449360645627,1.3151667333787274,0.4696941258295873,0.4243438885090778,0.1278825344613702,235.1134965093971
NFLX,2020-06-29,2020,2,74166.17646115484,14652.376159133952,138420.08217100473,78377.01903023272,57473.463796652504,48578.41374381535,76064.34719541771,36497.535292123765,0.18694735192061876,0.10585441020785082,1.1831070503813972,0.5495181479624286,0.49210485201754545,0.19756143377309274,228.72998069345428
NFLX,2020-09-27,2020,3,73585.52222758079,8209.964957452734,146240.421310649,81286.13324490932,47250.333348042055,30963.85053216653,50886.94423164268,31404.4879330527,0.10100080579201247,0.056140189448803904,1.525983769329866,0.3479677080767352,0.42677536263080157,0.11157038380541022,165.99340571787118
NFLX,2020-12-26,2020,4,74832.3213942109,6789.849373492768,146926.44265653685,78388.1467803414,66354.06698725939,29899.354739314073,73187.68686429654,36006.10493864334,0.08661831733972773,0.046212575835413675,2.2192474575383305,0.4981246774985495,0.4811571292699307,0.0907341807255232,213.83025353443253
NFLX,2021-03-26,2021,1,84014.08955808332,13274.545848256339,153322.74616213693,86298.08319263415,76248.35916572264,52072.65217068376,74162.76421587892,47331.111236707475,0.15382202428094452,0.08657910310462787,1.4642687857686936,0.48370359957845205,0.5633711141270538,0.1580038052912417,227.200437825873
NFLX,2021-06-24,2021,2,77295.11063410403,11605.548192523978,152113.03617820842,87573.52254347333,62456.650178308075,49679.462601188614,34604.085640938785,32647.182592788773,0.13252348261728014,0.0762955528606205,1.2571925481499424,0.22748928369556887,0.42237060436244767,0.15014595486461982,253.80664182304452
NFLX,2021-09-22,2021,3,86206.65967453696,10241.939381465396,162128.07922935844,88545.68708928289,76838.75025077358,59882.940747966444,58559.04068028477,46315.02131326999,0.11566841613796712,0.06317190353545352,1.2831492456953684,0.361189998417503,0.5372557234919769,0.11880682327946154,235.65293832399962
NFLX,2021-12-21,2021,4,80113.51649586589,13232.427345733848,159915.16398477243,91572.05059004638,75489.59113204827,38623.65698968882,86960.99422942221,46813.648848655626,0.14450290520383055,0.0827465452056434,1.954491029997532,0.5437945474495645,0.584341455677724,0.1651709714479539,188.2147005342146
NFLX,2022-03-21,2022,1,76834.63586137646,13142.167975656668,159950.66026388,95576.025689873,63814.0904836422,35238.80130528889,87960.28141544516,41269.957737961784,0.1375048594121358,0.08216388700099932,1.810904120454986,0.5499213399327763,0.5371270036656415,0.17104483971743561,227.71778079549796
NFLX,2022-06-19,2022,2,83056.01865943613,8845.119705528783,156627.11054630353,101337.02953121893,48920.296545522964,46746.771220391194,72186.64248940235,41624.42911661318,0.08728418176895411,0.05647246938718127,1.0464957315422818,0.46088216936149046,0.5011609006601975,0.10649583074523973,231.58175447802043
NFLX,2022-09-17,2022,3,90038.60254787614,11211.28253629736,162736.92885357252,98419.68647999366,55409.724779698256,55744.54759968036,96016.60689343663,47975.990981622446,0.11391300802991627,0.06889206165605503,0.9939936220778653,0.5900111767491353,0.532838023070296,0.12451639873393187,261.7028948413403
NFLX,2022-12-16,2022,4,88425.28098030182,17644.84995235415,164931.3231700908,100864.44966735889,63155.76265167619,62105.039151260185,94341.01707366902,43552.534382293095,0.17493626357497755,0.10698301337313183,1.0169184902670605,0.5720018202750776,0.492534871243385,0.19954530827314906,301.655887169993
NFLX,2023-03-16,2023,1,86680.55764413998,13963.66537388777,164059.98034460307,106897.74053475549,75495.96996112674,57753.89866949643,45626.64121893679,42639.58965321216,0.13062638465541548,0.08511317229562938,1.30720127472539,0.2781095128933906,0.4919164206149383,0.16109339572103898,250.8330774228729
NFLX,2023-06-14,2023,2,93526.48966335668,11983.542063646804,174145.25426432546,99910.52030815797,73427.7128731607,42042.61235941679,94534.34044860893,48592.044689753784,0.11994274503511233,0.06881348627196954,1.7465069069789667,0.5428476408844336,0.5195538169416826,0.12812992454630648,269.52810104108886
NFLX,2023-09-12,2023,3,93326.32227155629,16331.561561576395,169960.29442925798,104739.43257183595,57853.045361730634,47499.194341800445,63373.0215979412,39168.642661108424,0.15592562572243582,0.0960904522813358,1.217979508145437,0.37286956821740946,0.41969555542044673,0.1749941620334682,267.9204878281013
NFLX,2023-12-11,2023,4,94170.05933975952,14580.192500791592,181944.03703689913,107689.78231679296,83433.38264503443,59837.49977648765,39585.152137515455,48514.17459691854,0.1353906766929919,0.08013558860318494,1.3943327003415085,0.2175677355641361,0.5151762135126465,0.15482832444850858,300.8801680172421
